name	genre
The Weeknd	canadian contemporary r&b
The Weeknd	canadian pop
The Weeknd	pop
Jóhann Jóhannsson	compositional ambient
Jóhann Jóhannsson	experimental classical
Jóhann Jóhannsson	icelandic classical
Jóhann Jóhannsson	icelandic experimental
Jóhann Jóhannsson	nordic soundtrack
Jóhann Jóhannsson	soundtrack
Majid Jordan	alternative r&b
Majid Jordan	canadian contemporary r&b
Majid Jordan	pop
Majid Jordan	r&b
Majid Jordan	trap soul
Pet Shop Boys	art pop
Pet Shop Boys	dance rock
Pet Shop Boys	europop
Pet Shop Boys	new romantic
Pet Shop Boys	new wave
Pet Shop Boys	new wave pop
Pet Shop Boys	permanent wave
Pet Shop Boys	synthpop
Harry Styles	pop
St. Lucia	alternative dance
St. Lucia	electropop
St. Lucia	indie poptimism
St. Lucia	indietronica
St. Lucia	metropopolis
St. Lucia	modern alternative rock
St. Lucia	modern rock
St. Lucia	neo-synthpop
St. Lucia	nyc pop
St. Lucia	shimmer pop
Tanerélle	alternative r&b
Tanerélle	indie electropop
Morcheeba	big beat
Morcheeba	downtempo
Morcheeba	electronica
Morcheeba	nu jazz
Morcheeba	trip hop
Khalid	pop
Khalid	pop r&b
Swedish House Mafia	edm
Swedish House Mafia	pop
Swedish House Mafia	pop dance
Swedish House Mafia	progressive electro house
Cafe Music BGM channel	NA
Kanye West	chicago rap
Kanye West	rap
Porter Robinson	complextro
Porter Robinson	edm
Porter Robinson	future bass
Porter Robinson	melodic dubstep
Porter Robinson	progressive electro house
Vancouver Sleep Clinic	indie folk
Vancouver Sleep Clinic	vapor pop
Flight Facilities	alternative dance
Flight Facilities	aussietronica
Flight Facilities	australian dance
Flight Facilities	indie soul
Flight Facilities	nu disco
Sally Shapiro	art pop
Sally Shapiro	balearic
Sally Shapiro	electropop
Sally Shapiro	gothenburg indie
Sally Shapiro	italian disco
Sally Shapiro	neo-synthpop
Sally Shapiro	swedish electropop
Sally Shapiro	swedish synthpop
JAY-Z	east coast hip hop
JAY-Z	hip hop
JAY-Z	rap
DJ DECKSTREAM	ambeat
Christopher Cross	adult standards
Christopher Cross	album rock
Christopher Cross	folk rock
Christopher Cross	mellow gold
Christopher Cross	new wave pop
Christopher Cross	quiet storm
Christopher Cross	soft rock
Christopher Cross	yacht rock
Madeon	complextro
Madeon	edm
Madeon	electro house
Madeon	electropop
Madeon	filter house
Madeon	nantes indie
Madeon	pop dance
The Rubens	australian indie
The Rubens	australian pop
Kylie Minogue	australian dance
Kylie Minogue	australian pop
Kylie Minogue	dance pop
Kylie Minogue	electropop
Kylie Minogue	eurodance
Kylie Minogue	europop
Kylie Minogue	new wave pop
Kylie Minogue	pop
Fabrizio Paterlini	compositional ambient
Hatchie	art pop
Hatchie	brisbane indie
Hatchie	electropop
Hatchie	indie pop
Neneh Cherry	new wave pop
Neneh Cherry	urban contemporary
Lime Cordiale	NA
Sting	permanent wave
Sting	soft rock
Sting	sophisti-pop
Fiji Blue	chill pop
Fiji Blue	chill r&b
Fiji Blue	pop
Parcels	aussietronica
Parcels	indie soul
Björk	art pop
Björk	electronica
Björk	experimental pop
Björk	experimental vocal
Björk	icelandic experimental
Björk	icelandic pop
Björk	icelandic singer-songwriter
Björk	metropopolis
Björk	permanent wave
Björk	trip hop
Confidence Man	alternative dance
Confidence Man	australian electropop
The Knocks	alternative dance
The Knocks	edm
The Knocks	indie poptimism
The Knocks	nu disco
The Knocks	tropical house
Peter Sandberg	compositional ambient
Peter Sandberg	focus
Peter Sandberg	neo-classical
Empire of the Sun	alternative dance
Empire of the Sun	australian dance
Empire of the Sun	australian electropop
Empire of the Sun	dance rock
Empire of the Sun	electropop
Empire of the Sun	indietronica
Empire of the Sun	neo-synthpop
Empire of the Sun	new rave
Machinedrum	footwork
Machinedrum	glitch
Machinedrum	glitch hop
Machinedrum	halftime dnb
Machinedrum	intelligent dance music
Machinedrum	minimal dnb
Machinedrum	uk bass
Machinedrum	vapor twitch
Machinedrum	wonky
Kita Alexander	aussietronica
Kita Alexander	australian indie
Kita Alexander	australian pop
John Mellencamp	album rock
John Mellencamp	classic rock
John Mellencamp	country rock
John Mellencamp	folk rock
John Mellencamp	heartland rock
John Mellencamp	mellow gold
John Mellencamp	pop rock
John Mellencamp	rock
John Mellencamp	singer-songwriter
John Mellencamp	soft rock
Ben Lukas Boysen	abstract idm
Ben Lukas Boysen	ambient
Ben Lukas Boysen	compositional ambient
Ben Lukas Boysen	drift
Ben Lukas Boysen	electronica
Ben Lukas Boysen	neo-classical
Abel Korzeniowski	compositional ambient
Abel Korzeniowski	scorecore
Abel Korzeniowski	soundtrack
Bob Dylan	classic rock
Bob Dylan	country rock
Bob Dylan	folk
Bob Dylan	folk rock
Bob Dylan	rock
Bob Dylan	roots rock
Bob Dylan	singer-songwriter
John Denver	classic country pop
John Denver	folk
John Denver	folk rock
John Denver	mellow gold
John Denver	soft rock
Eagles	album rock
Eagles	classic rock
Eagles	country rock
Eagles	folk rock
Eagles	heartland rock
Eagles	mellow gold
Eagles	rock
Eagles	soft rock
Eagles	yacht rock
Adele	british soul
Adele	pop
Adele	pop soul
Adele	uk pop
Roosevelt	alternative dance
Roosevelt	indie emo
Roosevelt	indie soul
Roosevelt	nu disco
Roosevelt	shiver pop
Mark Ronson	dance pop
Mark Ronson	pop
Paula Cole	ectofolk
Paula Cole	lilith
Paula Cole	new wave pop
Paula Cole	pop rock
Madonna	dance pop
Madonna	pop
Tears For Fears	new romantic
Tears For Fears	new wave
Tears For Fears	new wave pop
Tears For Fears	permanent wave
Tears For Fears	rock
Tears For Fears	sophisti-pop
Tears For Fears	synthpop
Frank Ocean	alternative r&b
Frank Ocean	hip hop
Frank Ocean	lgbtq+ hip hop
Frank Ocean	neo soul
Frank Ocean	pop
Drake	canadian hip hop
Drake	canadian pop
Drake	hip hop
Drake	rap
Drake	toronto rap
Pink Floyd	album rock
Pink Floyd	art rock
Pink Floyd	classic rock
Pink Floyd	progressive rock
Pink Floyd	psychedelic rock
Pink Floyd	rock
Pink Floyd	symphonic rock
Sia	australian dance
Sia	australian pop
Sia	pop
Bomba Estéreo	cumbia
Bomba Estéreo	latin alternative
Bomba Estéreo	pop electronico
Bomba Estéreo	tropical alternativo
ROSALÍA	r&b en espanol
Bad Bunny	latin
Bad Bunny	reggaeton
Bad Bunny	trap latino
Rhye	downtempo
Rhye	indie soul
Rhye	indietronica
Rhye	shimmer pop
L'Impératrice	french indie pop
L'Impératrice	french indietronica
L'Impératrice	french synthpop
L'Impératrice	new french touch
Joy Crookes	alternative r&b
Joy Crookes	indie soul
Joy Crookes	uk contemporary r&b
Dido	pop rock
Thundercat	afrofuturism
Beyoncé	dance pop
Beyoncé	pop
Beyoncé	r&b
Miley Cyrus	dance pop
Miley Cyrus	pop
Miley Cyrus	post-teen pop
Flying Steps	NA
Alicia Keys	hip pop
Alicia Keys	neo soul
Alicia Keys	pop
Alicia Keys	r&b
Alicia Keys	urban contemporary
Rone	electronica
Rone	french indie pop
Rone	french indietronica
Rone	minimal techno
Rone	new french touch
Kae Tempest	lgbtq+ hip hop
Kae Tempest	slam poetry
Billie Eilish	art pop
Billie Eilish	electropop
Billie Eilish	pop
Kali Uchis	colombian pop
Kali Uchis	dance pop
Kali Uchis	pop
Monolink	livetronica
Daniela Spalla	indie cordoba
Daniela Spalla	latin rock
Daniela Spalla	mexican indie
I Am Oak	dutch indie
I Am Oak	dutch indie rock
I Am Oak	dutch singer-songwriter
Katy Perry	dance pop
Katy Perry	pop
Katy Perry	post-teen pop
Mick Jenkins	chicago rap
Mick Jenkins	conscious hip hop
Mick Jenkins	drill
Mick Jenkins	escape room
Mick Jenkins	hip hop
Mick Jenkins	rap
Mick Jenkins	underground hip hop
Max Richter	compositional ambient
Max Richter	post-minimalism
Wiener Philharmoniker	austrian orchestra
Wiener Philharmoniker	classical performance
Wiener Philharmoniker	orchestra
Years & Years	dance pop
Years & Years	edm
Years & Years	gauze pop
Years & Years	pop
Years & Years	pop dance
Years & Years	tropical house
Os Tincoãs	bossa nova
Os Tincoãs	mpb
Os Tincoãs	samba
ABBA	europop
ABBA	swedish pop
Nalan	NA
The Pussycat Dolls	dance pop
The Pussycat Dolls	girl group
The Pussycat Dolls	hip pop
The Pussycat Dolls	pop
The Pussycat Dolls	post-teen pop
The Pussycat Dolls	urban contemporary
Theo Parrish	broken beat
Theo Parrish	deep house
Theo Parrish	deep soul house
Theo Parrish	detroit house
Theo Parrish	detroit techno
Theo Parrish	float house
Theo Parrish	jazz house
Theo Parrish	microhouse
Theo Parrish	outsider house
Theo Parrish	techno
Britney Spears	dance pop
Britney Spears	pop
Britney Spears	post-teen pop
Cícero	brazilian rock
Cícero	nova mpb
The xx	downtempo
The xx	dream pop
The xx	indietronica
Nicky Jam	latin
Nicky Jam	latin hip hop
Nicky Jam	reggaeton
Nicky Jam	trap latino
Justin Timberlake	dance pop
Justin Timberlake	pop
James Blake	alternative r&b
James Blake	indie soul
James Blake	uk alternative pop
Crosby, Stills, Nash & Young	album rock
Crosby, Stills, Nash & Young	blues rock
Crosby, Stills, Nash & Young	classic rock
Crosby, Stills, Nash & Young	country rock
Crosby, Stills, Nash & Young	folk
Crosby, Stills, Nash & Young	folk rock
Crosby, Stills, Nash & Young	mellow gold
Crosby, Stills, Nash & Young	psychedelic rock
Crosby, Stills, Nash & Young	rock
Crosby, Stills, Nash & Young	roots rock
Crosby, Stills, Nash & Young	soft rock
Crosby, Stills, Nash & Young	supergroup
Helium Vola	dark wave
Helium Vola	ethereal wave
Helium Vola	medieval folk
Helium Vola	medieval rock
Helium Vola	neoclassical darkwave
Helium Vola	neue deutsche todeskunst
Helium Vola	rune folk
Lily James	hollywood
J Balvin	latin
J Balvin	reggaeton
J Balvin	reggaeton colombiano
J Balvin	trap latino
Glass Animals	gauze pop
Glass Animals	indietronica
Glass Animals	shiver pop
Joan Baez	american folk revival
Joan Baez	folk
Joan Baez	folk rock
Joan Baez	mellow gold
Joan Baez	singer-songwriter
Dua Lipa	dance pop
Dua Lipa	pop
Dua Lipa	uk pop
ChocQuibTown	colombian hip hop
ChocQuibTown	colombian pop
ChocQuibTown	colombian rock
ChocQuibTown	latin
ChocQuibTown	latin alternative
ChocQuibTown	latin pop
ChocQuibTown	reggaeton colombiano
ChocQuibTown	salsa choke
ChocQuibTown	tropical
KAROL G	latin
KAROL G	reggaeton
KAROL G	reggaeton colombiano
Patrick Watson	NA
Joesef	indie soul
Joesef	uk alternative pop
The Mountain Goats	alternative rock
The Mountain Goats	anti-folk
The Mountain Goats	indie pop
The Mountain Goats	indie rock
The Mountain Goats	lo-fi
The Mountain Goats	melancholia
The Mountain Goats	new weird america
The Mountain Goats	stomp and holler
The Smiths	madchester
The Smiths	new wave
The Smiths	permanent wave
The Smiths	rock
The Smiths	uk post-punk
The Decemberists	alternative rock
The Decemberists	anti-folk
The Decemberists	baroque pop
The Decemberists	canadian indie
The Decemberists	chamber pop
The Decemberists	indie folk
The Decemberists	indie pop
The Decemberists	indie rock
The Decemberists	modern folk rock
The Decemberists	modern rock
The Decemberists	stomp and holler
Sublime	reggae fusion
Sublime	ska mexicano
Sublime	ska punk
Will Wood and the Tapeworms	new jersey indie
Will Wood	indie pop
Will Wood	weirdcore
Car Seat Headrest	alternative rock
Car Seat Headrest	indie rock
Pixies	alternative rock
Pixies	boston rock
Pixies	modern rock
Pixies	permanent wave
Pixies	rock
Rainbow Kitten Surprise	modern rock
John Craigie	deep new americana
John Craigie	indie folk
John Craigie	new americana
John Craigie	stomp and holler
John Craigie	western americana
Kendrick Lamar	conscious hip hop
Kendrick Lamar	hip hop
Kendrick Lamar	rap
Kendrick Lamar	west coast rap
Billie Holiday	adult standards
Billie Holiday	harlem renaissance
Billie Holiday	jazz
Billie Holiday	jazz blues
Billie Holiday	lounge
Billie Holiday	soul
Billie Holiday	torch song
Billie Holiday	vocal jazz
The Airborne Toxic Event	indie rock
The Airborne Toxic Event	la indie
The Airborne Toxic Event	metropopolis
The Airborne Toxic Event	modern alternative rock
The Airborne Toxic Event	modern rock
The Airborne Toxic Event	stomp and holler
The Spits	garage pop
The Spits	garage punk
The Spits	hardcore punk
The Spits	indie garage rock
The Spits	indie punk
The Spits	punk
The Spits	punk blues
Charlie Parker	bebop
Charlie Parker	big band
Charlie Parker	cool jazz
Charlie Parker	jazz
Charlie Parker	jazz fusion
Charlie Parker	jazz saxophone
The Velvet Underground	alternative rock
The Velvet Underground	art rock
The Velvet Underground	classic rock
The Velvet Underground	folk rock
The Velvet Underground	melancholia
The Velvet Underground	permanent wave
The Velvet Underground	protopunk
The Velvet Underground	psychedelic rock
The Velvet Underground	rock
The Yellow Dress	NA
The Strokes	alternative rock
The Strokes	garage rock
The Strokes	modern rock
The Strokes	permanent wave
The Strokes	rock
The Taxpayers	anti-folk
The Taxpayers	folk punk
The Taxpayers	portland punk
Arctic Monkeys	garage rock
Arctic Monkeys	permanent wave
Arctic Monkeys	rock
Arctic Monkeys	sheffield indie
Mother Mother	indie pop
Mother Mother	vancouver indie
John Vanderslice	gainesville indie
The Magnetic Fields	alternative rock
The Magnetic Fields	anti-folk
The Magnetic Fields	art pop
The Magnetic Fields	chamber pop
The Magnetic Fields	dream pop
The Magnetic Fields	indie pop
The Magnetic Fields	indie rock
The Magnetic Fields	lo-fi
The Magnetic Fields	melancholia
The Magnetic Fields	metropopolis
The Magnetic Fields	permanent wave
The Magnetic Fields	tape club
Anaïs Mitchell	folk
Anaïs Mitchell	indie folk
Anaïs Mitchell	indie pop
Anaïs Mitchell	new americana
The Protomen	nightrun
Belle and Sebastian	alternative rock
Belle and Sebastian	anti-folk
Belle and Sebastian	baroque pop
Belle and Sebastian	chamber pop
Belle and Sebastian	indie pop
Belle and Sebastian	indie rock
Belle and Sebastian	melancholia
Belle and Sebastian	scottish indie
Belle and Sebastian	scottish rock
Belle and Sebastian	twee pop
Mal Blum	anti-folk
Mal Blum	bubblegrunge
Mal Blum	folk punk
Mal Blum	indie pop
Mal Blum	indie punk
Simon & Garfunkel	classic rock
Simon & Garfunkel	folk
Simon & Garfunkel	folk rock
Simon & Garfunkel	melancholia
Simon & Garfunkel	mellow gold
Simon & Garfunkel	rock
Tim Minchin	australian comedy
Tim Minchin	comic
M. Ward	anti-folk
M. Ward	chamber pop
M. Ward	indie folk
M. Ward	indie pop
M. Ward	new americana
M. Ward	portland indie
M. Ward	stomp and holler
Måneskin	indie rock italiano
Måneskin	italian pop
Jack Kerouac	beat poetry
CAKE	alternative rock
CAKE	modern rock
CAKE	pop rock
CAKE	rock
CAKE	sacramento indie
Phil Ochs	american folk revival
Phil Ochs	folk
Phil Ochs	folk rock
Neutral Milk Hotel	alternative rock
Neutral Milk Hotel	anti-folk
Neutral Milk Hotel	chamber pop
Neutral Milk Hotel	elephant 6
Neutral Milk Hotel	indie pop
Neutral Milk Hotel	indie rock
Neutral Milk Hotel	lo-fi
Neutral Milk Hotel	modern rock
The Weakerthans	canadian indie
The Weakerthans	emo
The Weakerthans	folk punk
The Weakerthans	indie pop
The Weakerthans	indie rock
The Weakerthans	manitoba indie
The Weakerthans	stomp and holler
Squalloscope	vienna indie
Depeche Mode	dance rock
Depeche Mode	new romantic
Depeche Mode	new wave
Depeche Mode	permanent wave
Depeche Mode	synthpop
Sycamore Smith	michigan indie
Sarah Vaughan	adult standards
Sarah Vaughan	jazz
Sarah Vaughan	lounge
Sarah Vaughan	swing
Sarah Vaughan	torch song
Sarah Vaughan	vocal jazz
AJJ	acoustic punk
AJJ	anti-folk
AJJ	folk punk
AJJ	indie pop
Harvey Danger	alternative rock
Harvey Danger	pop rock
Hozier	irish singer-songwriter
Hozier	modern rock
Hozier	pop
Vampire Weekend	baroque pop
Vampire Weekend	indie rock
Vampire Weekend	modern rock
Perry Como	adult standards
Perry Como	brill building pop
Perry Como	easy listening
Perry Como	lounge
Perry Como	vocal jazz
Streetlight Manifesto	modern ska punk
Streetlight Manifesto	punk
Streetlight Manifesto	ska
Streetlight Manifesto	ska punk
Streetlight Manifesto	skate punk
John Cale	alternative rock
John Cale	art rock
John Cale	country rock
John Cale	experimental
John Cale	experimental rock
John Cale	folk
John Cale	folk rock
John Cale	melancholia
John Cale	post-punk
John Cale	singer-songwriter
Nirvana	alternative rock
Nirvana	grunge
Nirvana	permanent wave
Nirvana	rock
The Future Kings of Nowhere	folk punk
Polo & Pan	dark disco
Polo & Pan	electro-pop francais
Polo & Pan	french indietronica
Polo & Pan	new french touch
Lorde	art pop
Lorde	dance pop
Lorde	electropop
Lorde	metropopolis
Lorde	nz pop
Lorde	pop
Sylvan Esso	electropop
Sylvan Esso	etherpop
Sylvan Esso	indie pop
Elton John	glam rock
Elton John	mellow gold
Elton John	piano rock
Ariana Grande	dance pop
Ariana Grande	pop
Baiuca	galician rock
Stan Getz	bossa nova
Stan Getz	cool jazz
Stan Getz	jazz
Stan Getz	jazz saxophone
Stan Getz	latin jazz
Stan Getz	samba-jazz
Pond	indie rock
Pond	neo-psychedelic
Daddy Yankee	latin
Daddy Yankee	latin hip hop
Daddy Yankee	reggaeton
Daddy Yankee	trap latino
Manel	cantautor
Manel	indie catala
Manel	musica catalana
Manel	rock catala
Manel	spanish folk
King Gizzard & The Lizard Wizard	australian indie
King Gizzard & The Lizard Wizard	australian psych
King Gizzard & The Lizard Wizard	double drumming
King Gizzard & The Lizard Wizard	microtonal
King Gizzard & The Lizard Wizard	neo-psychedelic
Novedades Carminha	galego
Novedades Carminha	galician rock
Novedades Carminha	latin rock
Novedades Carminha	punk galego
Novedades Carminha	spanish indie pop
Novedades Carminha	spanish noise pop
The Rolling Stones	album rock
The Rolling Stones	british invasion
The Rolling Stones	classic rock
The Rolling Stones	rock
Don Omar	latin
Don Omar	latin hip hop
Don Omar	puerto rican pop
Don Omar	reggaeton
Don Omar	trap latino
Becky G	latin
Becky G	latin viral pop
Becky G	rap latina
Becky G	reggaeton
Ibeyi	cuban alternative
Ibeyi	etherpop
Bob Marley & The Wailers	reggae
Bob Marley & The Wailers	roots reggae
C. Tangana	urbano espanol
Vetusta Morla	cantautor
Vetusta Morla	latin rock
Vetusta Morla	rock alternativo espanol
Vetusta Morla	spanish indie pop
Vetusta Morla	spanish rock
Janelle Monáe	afrofuturism
Janelle Monáe	alternative r&b
Janelle Monáe	atl hip hop
Janelle Monáe	dance pop
Janelle Monáe	electropop
Janelle Monáe	escape room
Janelle Monáe	neo soul
Janelle Monáe	pop
Janelle Monáe	r&b
Janelle Monáe	urban contemporary
DePedro	cantautor
DePedro	latin rock
DePedro	spanish indie pop
Moby	downtempo
Moby	electronica
HAIM	indie pop
HAIM	metropopolis
Nathy Peluso	r&b en espanol
Nathy Peluso	rap latina
Xoel López	cantautor
Xoel López	latin rock
Xoel López	spanish indie pop
xicu	indie catala
xicu	musica catalana
Doja Cat	dance pop
Doja Cat	pop
Tomasa del Real	chilean indie
Tomasa del Real	neoperreo
Tomasa del Real	rap latina
The Beatles	beatlesque
The Beatles	british invasion
The Beatles	classic rock
The Beatles	merseybeat
The Beatles	psychedelic rock
The Beatles	rock
Princess Nokia	escape room
Princess Nokia	lgbtq+ hip hop
Princess Nokia	trap queen
Leon Bridges	modern blues
Mdou Moctar	desert blues
Mdou Moctar	tuareg guitar
Andrew Bird	art pop
Andrew Bird	baroque pop
Andrew Bird	chamber pop
Andrew Bird	chicago indie
Andrew Bird	indie folk
Andrew Bird	indie pop
Andrew Bird	indie rock
Andrew Bird	melancholia
Andrew Bird	stomp and holler
Nicola Cruz	ecuadorian indie
Nicola Cruz	latintronica
Nicola Cruz	organic electronic
Unknown Mortal Orchestra	chillwave
Unknown Mortal Orchestra	indie rock
Unknown Mortal Orchestra	indie soul
Unknown Mortal Orchestra	kiwi rock
Unknown Mortal Orchestra	neo-psychedelic
Unknown Mortal Orchestra	new rave
Unknown Mortal Orchestra	portland hip hop
Unknown Mortal Orchestra	psychedelic pop
Rigoberta Bandini	spanish synthpop
Florence + The Machine	baroque pop
Florence + The Machine	pop
Florence + The Machine	uk alternative pop
Sam Smith	dance pop
Sam Smith	pop
Sam Smith	uk pop
Joaquín Sabina	cantautor
Joaquín Sabina	rock en espanol
Joaquín Sabina	spanish pop
Joaquín Sabina	trova
HammerFall	gothenburg metal
HammerFall	melodic metal
HammerFall	metal
HammerFall	neo classical metal
HammerFall	power metal
HammerFall	swedish power metal
HammerFall	symphonic metal
Sabaton	metal
Sabaton	power metal
Sabaton	swedish metal
Sabaton	swedish power metal
Casiio	NA
xander.	NA
S N U G	japanese chillhop
Kainbeats	anime lo-fi
softy	lo-fi beats
goosetaf	lo-fi beats
Sleepermane	NA
l'Outlander	lo-fi jazzhop
Loafy Building	NA
DaniSogen	japanese chillhop
Jhove	NA
Towerz	NA
Tibeauthetraveler	NA
ENRA	lo-fi beats
Hoffy Beats	lo-fi jazzhop
amies	NA
Dimension 32	NA
Yasumu	lo-fi beats
HM Surf	lo-fi beats
Laffey	lo-fi beats
TABAL	lo-fi beats
Coldplay	permanent wave
Coldplay	pop
Dire Straits	album rock
Dire Straits	classic rock
Dire Straits	mellow gold
Dire Straits	rock
Dire Straits	soft rock
Nightwish	finnish metal
Nightwish	finnish power metal
Nightwish	gothic metal
Nightwish	gothic symphonic metal
Nightwish	opera metal
Nightwish	power metal
Nightwish	symphonic metal
Jeremy Soule	orchestral soundtrack
Jeremy Soule	scorecore
Jeremy Soule	soundtrack
Jeremy Soule	video game music
Linkin Park	alternative metal
Linkin Park	nu metal
Linkin Park	post-grunge
Linkin Park	rap metal
Red Hot Chili Peppers	alternative rock
Red Hot Chili Peppers	funk metal
Red Hot Chili Peppers	funk rock
Red Hot Chili Peppers	permanent wave
Hans Zimmer	german soundtrack
Hans Zimmer	orchestral soundtrack
Hans Zimmer	soundtrack
Faun	hurdy-gurdy
Faun	medieval folk
Faun	medieval rock
Bo Burnham	comic
Porcupine Tree	alternative metal
Porcupine Tree	art rock
Porcupine Tree	progressive metal
Porcupine Tree	progressive rock
Porcupine Tree	symphonic rock
The Pineapple Thief	alternative metal
The Pineapple Thief	modern progressive rock
The Pineapple Thief	neo-progressive
The Pineapple Thief	progressive metal
The Pineapple Thief	progressive rock
The Pineapple Thief	symphonic rock
Taylor Swift	pop
Backstreet Boys	boy band
Backstreet Boys	dance pop
Advaita	indian folk
Advaita	indian fusion
Advaita	indian indie
Advaita	indian rock
Yoko Shimomura	anime score
Yoko Shimomura	chiptune
Yoko Shimomura	japanese vgm
John Williams	orchestral soundtrack
John Williams	soundtrack
梶浦 由記	anime score
Boston	album rock
Boston	classic rock
Boston	country rock
Boston	hard rock
Boston	mellow gold
Boston	rock
Boston	soft rock
Yasuharu Takanashi	anime
Yasuharu Takanashi	anime score
Yasuharu Takanashi	japanese celtic
Celtic Woman	celtic
Celtic Woman	operatic pop
Avenged Sevenfold	alternative metal
Avenged Sevenfold	nu metal
Kyle Dixon & Michael Stein	horror synth
Kyle Dixon & Michael Stein	soundtrack
Mumford & Sons	modern folk rock
Mumford & Sons	modern rock
Mumford & Sons	stomp and holler
Mumford & Sons	uk americana
Grimes	art pop
Grimes	canadian electropop
Grimes	dance pop
Grimes	grave wave
Grimes	indietronica
Grimes	metropopolis
Grimes	pop
Marcin Przybyłowicz	orchestral soundtrack
Marcin Przybyłowicz	scorecore
Marcin Przybyłowicz	video game music
Indrani Sen	classic bangla pop
Indrani Sen	rabindra sangeet
Mikolai Stroinski	video game music
Iron Maiden	hard rock
Iron Maiden	metal
Iron Maiden	nwobhm
Iron Maiden	rock
The HU	mongolian alternative
The HU	oriental metal
Fleetwood Mac	album rock
Fleetwood Mac	classic rock
Fleetwood Mac	mellow gold
Fleetwood Mac	rock
Fleetwood Mac	soft rock
Fleetwood Mac	yacht rock
Ed Sheeran	pop
Ed Sheeran	uk pop
Srikanta Acharya	classic bangla pop
Srikanta Acharya	rabindra sangeet
Limp Bizkit	alternative metal
Limp Bizkit	funk metal
Limp Bizkit	nu metal
Limp Bizkit	rap metal
Anup Ghoshal	classic bangla pop
Static-X	alternative metal
Static-X	groove metal
Static-X	industrial metal
Static-X	industrial rock
Static-X	nu metal
Static-X	rap metal
Static-X	rap rock
Nobuo Uematsu	anime score
Nobuo Uematsu	chiptune
Nobuo Uematsu	final fantasy
Nobuo Uematsu	japanese classical
Nobuo Uematsu	japanese vgm
Nobuo Uematsu	orchestral soundtrack
Nobuo Uematsu	video game music
Wojciech Golczewski	epicore
Wojciech Golczewski	horror synth
Jacob Shea	soundtrack
Orthodox Celts	celtic rock
Weezer	alternative rock
Weezer	modern power pop
Weezer	modern rock
Weezer	permanent wave
Weezer	rock
Alan Walker	electro house
Bloodywood	comic metal
Bloodywood	indian metal
Percival Schuttenbach	polish folk metal
Percival Schuttenbach	polish metal
Percival Schuttenbach	slavic folk metal
Percival Schuttenbach	slavic metal
Percival Schuttenbach	video game music
Danny Elfman	orchestral soundtrack
Danny Elfman	soundtrack
Federico Dubbini	japanese vgm
Imagine Dragons	modern rock
Imagine Dragons	rock
Jack Wall	scorecore
Jack Wall	video game music
Lakkhichhara	classic bangla pop
Lakkhichhara	kolkata indie
Bryan Adams	canadian pop
Bryan Adams	canadian singer-songwriter
Bryan Adams	classic canadian rock
Bryan Adams	heartland rock
Bryan Adams	mellow gold
Bryan Adams	soft rock
Wild Child	austin americana
Wild Child	austindie
Wild Child	deep new americana
Wild Child	folk-pop
Wild Child	indie folk
Wild Child	indie pop
Wild Child	new americana
Wild Child	stomp and holler
Bonobo	downtempo
Bonobo	electronica
Bonobo	jazztronica
Bonobo	ninja
Bonobo	nu jazz
Bonobo	trip hop
ODESZA	chillwave
ODESZA	ninja
Kota the Friend	hip hop
Kota the Friend	rap
Kota the Friend	underground hip hop
Still Woozy	bedroom pop
Still Woozy	oakland indie
Cordae	dmv rap
Cordae	hip hop
Cordae	rap
Cordae	trap
Lupe Fiasco	chicago rap
Lupe Fiasco	conscious hip hop
Lupe Fiasco	gangster rap
Lupe Fiasco	hip hop
Lupe Fiasco	political hip hop
Lupe Fiasco	pop rap
Lupe Fiasco	rap
Lupe Fiasco	southern hip hop
Feng Suave	bedroom pop
Feng Suave	indie soul
Goth Babe	modern rock
Coast Modern	indie poptimism
Coast Modern	modern alternative rock
Coast Modern	modern rock
The Dip	deep new americana
The Dip	funk
The Dip	retro soul
Dr. Dog	indie folk
Dr. Dog	indie rock
Dr. Dog	modern folk rock
Dr. Dog	modern rock
Dr. Dog	philly indie
Dr. Dog	stomp and holler
Emancipator	downtempo
Emancipator	electronica
Emancipator	livetronica
Emancipator	nu jazz
Emancipator	trip hop
Hippo Campus	indie pop
Hippo Campus	indie poptimism
Hippo Campus	minneapolis indie
Hippo Campus	modern rock
Eli Smart	NA
Ratatat	alternative dance
Ratatat	indietronica
Ratatat	new rave
Sure Sure	indie pop
Sure Sure	indie poptimism
Sure Sure	indie rock
Sure Sure	la indie
Sure Sure	modern rock
Magic City Hippies	miami indie
Magic City Hippies	modern rock
Magic City Hippies	vapor soul
Sjowgren	indie folk
Sjowgren	indie pop
Sjowgren	indie poptimism
Sjowgren	indie rock
Sjowgren	modern rock
Sjowgren	stomp and holler
Catching Flies	downtempo
Catching Flies	electronica
Catching Flies	indie dream pop
Catching Flies	indie soul
Catching Flies	vapor soul
Shakey Graves	austin americana
Shakey Graves	austindie
Shakey Graves	deep new americana
Shakey Graves	indie folk
Shakey Graves	new americana
Shakey Graves	stomp and holler
Local Natives	indie folk
Local Natives	indie pop
Local Natives	indie rock
Local Natives	la indie
Local Natives	modern rock
Local Natives	stomp and holler
Jon Kennedy	electronica
Jon Kennedy	ninja
Jon Kennedy	nu jazz
Jon Kennedy	trip hop
Jon Kennedy	turntablism
Rayland Baxter	deep new americana
Rayland Baxter	indie folk
Rayland Baxter	new americana
Rayland Baxter	stomp and holler
Tim Atlas	alternative r&b
Tim Atlas	indie pop
Tim Atlas	indie poptimism
Tim Atlas	indie r&b
Tim Atlas	indie soul
Tim Atlas	vapor soul
Bay Ledges	indie poptimism
Bay Ledges	la pop
Bay Ledges	modern rock
Bay Ledges	vapor soul
Fruit Bats	chamber pop
Fruit Bats	deep new americana
Fruit Bats	indie folk
Fruit Bats	indie pop
Fruit Bats	indie rock
Fruit Bats	modern rock
Fruit Bats	new americana
Fruit Bats	stomp and holler
Abhi The Nomad	desi hip hop
Abhi The Nomad	pop rap
Thievery Corporation	downtempo
Thievery Corporation	electronica
Thievery Corporation	livetronica
Thievery Corporation	nu jazz
Thievery Corporation	trip hop
Mr. Scruff	big beat
Mr. Scruff	downtempo
Mr. Scruff	electronica
Mr. Scruff	jazztronica
Mr. Scruff	ninja
Mr. Scruff	nu jazz
Mr. Scruff	trip hop
Mr. Scruff	turntablism
RAC	alternative dance
RAC	electropop
RAC	indie poptimism
RAC	indie soul
RAC	indietronica
RAC	metropopolis
RAC	modern rock
RAC	vapor soul
Tycho	chillwave
Tycho	downtempo
Tycho	electronica
Tycho	indietronica
Tycho	intelligent dance music
Tora	indie soul
Tora	vapor soul
Electric Guest	alternative dance
Electric Guest	indie rock
Electric Guest	indietronica
Electric Guest	la indie
Electric Guest	modern rock
Electric Guest	shimmer pop
Portugal. The Man	indie rock
Portugal. The Man	modern alternative rock
Portugal. The Man	modern rock
Portugal. The Man	rock
Mt. Joy	indie folk
Mt. Joy	modern rock
Mt. Joy	stomp and holler
Broken Bells	alternative dance
Broken Bells	alternative rock
Broken Bells	indie pop
Broken Bells	indie rock
Broken Bells	indietronica
Broken Bells	la indie
Broken Bells	modern rock
Broken Bells	new rave
Broken Bells	rock
The California Honeydrops	bay area indie
The California Honeydrops	deep new americana
The California Honeydrops	funk
The California Honeydrops	modern funk
slenderbodies	indie poptimism
slenderbodies	indie soul
slenderbodies	modern rock
slenderbodies	vapor soul
Dominic Fike	alternative pop rock
Dominic Fike	pop
The Greeting Committee	indie pop
The Greeting Committee	kc indie
The Greeting Committee	modern rock
Smino	alternative r&b
Smino	hip hop
Smino	rap
Smino	underground hip hop
Summer Salt	indie garage rock
Nina Simone	jazz blues
Nina Simone	soul
Nina Simone	soul jazz
Nina Simone	torch song
Nina Simone	vocal jazz
MØ	dance pop
MØ	danish pop
MØ	electropop
MØ	pop
MØ	tropical house
Mylène Farmer	chanson
Mylène Farmer	french pop
Mylène Farmer	french synthpop
Queen	classic rock
Queen	glam rock
Queen	rock
Céline Dion	canadian pop
Céline Dion	dance pop
Lizzo	dance pop
Lizzo	escape room
Lizzo	minnesota hip hop
Lizzo	pop
Lizzo	trap queen
Diam's	francoton
Diam's	french hip hop
Diam's	french pop
Maria Callas	classical soprano
Maria Callas	opera
Pongo	african electronic
Juliette Armanet	chanson
Juliette Armanet	electro-pop francais
Juliette Armanet	french indie pop
Juliette Armanet	french indietronica
Juliette Armanet	french pop
Juliette Armanet	nouvelle chanson francaise
Aretha Franklin	classic soul
Aretha Franklin	jazz blues
Aretha Franklin	memphis soul
Aretha Franklin	soul
Aretha Franklin	southern soul
Angèle	belgian pop
Angèle	variete francaise
Pierre de Maere	nouvelle chanson francaise
Sister Nancy	dancehall queen
Sister Nancy	dub
Sister Nancy	reggae
Daniel Balavoine	chanson
Daniel Balavoine	french pop
RYKT	NA
France Gall	chanson
France Gall	french pop
France Gall	ye ye
Destiny's Child	dance pop
Destiny's Child	girl group
Destiny's Child	hip pop
Destiny's Child	pop
Destiny's Child	r&b
Destiny's Child	urban contemporary
Jessie Ware	art pop
Jessie Ware	british soul
Jessie Ware	dance pop
Jessie Ware	electropop
Jessie Ware	neo soul
Jessie Ware	pop
Jessie Ware	pop soul
Jessie Ware	tropical house
Lady Gaga	art pop
Lady Gaga	dance pop
Lady Gaga	pop
Clairo	bedroom pop
Clairo	indie pop
Clairo	pop
Hayden James	aussietronica
Hayden James	edm
Hayden James	gauze pop
Hayden James	house
Hayden James	pop dance
Hayden James	tropical house
Aly & AJ	dance pop
Aly & AJ	electropop
Aly & AJ	girl group
Aly & AJ	indie pop
Aly & AJ	pop
Aly & AJ	post-teen pop
Johnny Salib	pet calming
Françoise Hardy	chanson
Françoise Hardy	ye ye
Víkingur Ólafsson	classical piano
Víkingur Ólafsson	nordic classical piano
Véronique Sanson	chanson
Véronique Sanson	french pop
Véronique Sanson	nouvelle chanson francaise
Billie Marten	british singer-songwriter
Billie Marten	indie anthem-folk
Billie Marten	indie folk
Billie Marten	indie pop
David Teie	pet calming
Allie X	alt z
Allie X	art pop
Allie X	australian pop
Allie X	canadian electropop
Allie X	canadian pop
Allie X	dance pop
Allie X	dark pop
Allie X	electropop
Allie X	escape room
Allie X	indie poptimism
Allie X	metropopolis
Allie X	pop
Allie X	post-teen pop
Allie X	tropical house
Allie X	vapor soul
WILLOW	afrofuturism
WILLOW	dance pop
WILLOW	electropop
WILLOW	pop
WILLOW	post-teen pop
Jungle	indie soul
Jungle	uk contemporary r&b
Japanese Breakfast	art pop
Japanese Breakfast	eugene indie
Japanese Breakfast	indie pop
Japanese Breakfast	philly indie
Anna of the North	electropop
Anna of the North	indie poptimism
Anna of the North	norwegian pop
Anna of the North	vapor pop
Anna of the North	vapor soul
Lucas Estrada	covertronica
Lucas Estrada	deep house
Lucas Estrada	deep pop edm
Lucas Estrada	deep tropical house
Lucas Estrada	edm
Lucas Estrada	pop dance
Lucas Estrada	pop edm
Lucas Estrada	swedish tropical house
Lucas Estrada	tropical house
Kris Bowers	modern jazz piano
girl in red	bedroom pop
girl in red	bubblegrunge
girl in red	indie pop
girl in red	norwegian indie
girl in red	pop
Alanis Morissette	canadian pop
Alanis Morissette	canadian singer-songwriter
Alanis Morissette	lilith
Alanis Morissette	pop rock
Alanis Morissette	singer-songwriter
ELIO	alt z
ELIO	electropop
ELIO	indie pop
ELIO	indie poptimism
ELIO	pop
The Cranberries	irish rock
The Cranberries	pop rock
The Zen Circus	indie rock italiano
The Zen Circus	italian alternative
The Zen Circus	italian indie pop
Nu Genea	indie napoletano
Nu Genea	neapolitan funk
808 State	acid house
808 State	big beat
808 State	classic house
808 State	electronica
808 State	hardcore techno
808 State	hip house
808 State	intelligent dance music
808 State	madchester
808 State	rave
808 State	techno
Ministri	italian alternative
Ministri	italian indie pop
The Polyphonic Spree	dallas indie
The Polyphonic Spree	flute rock
Sky H1	deconstructed club
Sky H1	electra
Sky H1	new isolationism
Sky H1	outsider house
Sky H1	spectra
Sky H1	weightless
Elbow	britpop
Elbow	indie rock
Elbow	modern rock
Elbow	rock
Moderat	alternative dance
Moderat	electronica
Moderat	microhouse
Moderat	minimal techno
Moderat	new rave
aya	deconstructed club
aya	spectra
Jane Weaver	chamber psych
Jane Weaver	electra
Jane Weaver	garage psych
Jane Weaver	indie folk
Tutti Fenomeni	italian indie pop
Thurston Moore	alternative rock
Austra	alternative dance
Austra	art pop
Austra	canadian electropop
Austra	chamber psych
Austra	chillwave
Austra	electroclash
Austra	electronica
Austra	electropop
Austra	metropopolis
Austra	new rave
Austra	shimmer pop
Leonie Pernet	french indie pop
Leonie Pernet	french indietronica
Autechre	abstract
Autechre	ambient
Autechre	ambient techno
Autechre	deep idm
Autechre	drill and bass
Autechre	electro
Autechre	electronica
Autechre	experimental
Autechre	glitch
Autechre	intelligent dance music
Autechre	microhouse
Autechre	ninja
Autechre	outsider house
Autechre	techno
Autechre	uk experimental electronic
TOTO	album rock
TOTO	classic rock
TOTO	mellow gold
TOTO	rock
TOTO	soft rock
TOTO	yacht rock
David Bowie	art rock
David Bowie	classic rock
David Bowie	glam rock
David Bowie	permanent wave
David Bowie	rock
Bauhaus	alternative rock
Bauhaus	dark wave
Bauhaus	dream pop
Bauhaus	gothic rock
Bauhaus	new wave
Bauhaus	post-punk
LNDFK	indie napoletano
Lena Platonos	greek indie
trentemøller	alternative dance
trentemøller	danish electronic
trentemøller	danish electropop
trentemøller	electronica
trentemøller	microhouse
trentemøller	minimal techno
Radiohead	alternative rock
Radiohead	art rock
Radiohead	melancholia
Radiohead	oxford indie
Radiohead	permanent wave
Radiohead	rock
Wooden Shjips	chamber psych
Wooden Shjips	neo-psychedelic
Wooden Shjips	psychedelic space rock
Wooden Shjips	space rock
Fabrizio De André	canzone d'autore
Fabrizio De André	canzone genovese
Fabrizio De André	classic italian pop
Fabrizio De André	folk rock italiano
Fabrizio De André	italian adult pop
Fabrizio De André	musica sarda
Simon Farintosh	NA
The Durutti Column	art pop
The Durutti Column	art rock
The Durutti Column	dream pop
The Durutti Column	experimental
The Durutti Column	fourth world
The Durutti Column	post-punk
The Durutti Column	uk post-punk
PS5	NA
Liam Gallagher	britpop
Liam Gallagher	britpop revival
Liam Gallagher	modern rock
Liam Gallagher	rock
Liam Gallagher	solo wave
Emidio Clementi	NA
DJ Nigga Fox	batida
DJ Nigga Fox	deconstructed club
DJ Nigga Fox	fluxwork
Tame Impala	australian psych
Tame Impala	neo-psychedelic
Another Sunny Day	c86
Another Sunny Day	tape club
Another Sunny Day	twee pop
Max Casacci	NA
Punk Rock Factory	NA
Cor Veleno	italian hip hop
Cor Veleno	italian indie pop
Cor Veleno	italian underground hip hop
Cor Veleno	rap italiano old school
La rappresentante di lista	indie siciliano
La rappresentante di lista	italian indie pop
Piero Ciampi	canzone d'autore
Piero Ciampi	italian alternative
Post Nebbia	indie veneto
Post Nebbia	italian indie pop
Appino	italian alternative
Appino	italian indie pop
Sonic Youth	alternative rock
Sonic Youth	art rock
Sonic Youth	indie rock
Sonic Youth	new wave
Sonic Youth	noise pop
Sonic Youth	noise rock
Sonic Youth	post-punk
Sonic Youth	rock
Tre Allegri Ragazzi Morti	italian alternative
Tre Allegri Ragazzi Morti	italian indie pop
Tre Allegri Ragazzi Morti	punk rock italiano
Mercury Rev	alternative rock
Mercury Rev	art rock
Mercury Rev	buffalo ny indie
Mercury Rev	chamber pop
Mercury Rev	chamber psych
Mercury Rev	indie rock
Mercury Rev	melancholia
Mercury Rev	shoegaze
The Knife	alternative dance
The Knife	art pop
The Knife	electroclash
The Knife	electronica
The Knife	electropop
The Knife	gothenburg indie
The Knife	neo-synthpop
The Knife	new rave
The Knife	swedish electropop
The Knife	swedish synthpop
Cosmo	italian indie pop
Cosmo	turin indie
Roman Flügel	float house
Roman Flügel	frankfurt electronic
Roman Flügel	melodic techno
Roman Flügel	microhouse
Roman Flügel	minimal techno
Roman Flügel	tech house
Marracash	italian hip hop
Marracash	italian underground hip hop
Marracash	rap napoletano
Kelly Lee Owens	alternative dance
Kelly Lee Owens	art pop
Kelly Lee Owens	chamber psych
Kelly Lee Owens	electra
Kelly Lee Owens	electronica
Kelly Lee Owens	escape room
Kelly Lee Owens	experimental pop
Kelly Lee Owens	microhouse
Kelly Lee Owens	spectra
Big Thief	art pop
Big Thief	brooklyn indie
Big Thief	indie pop
Big Thief	indie rock
Big Thief	small room
Orville Peck	alternative country
Orville Peck	queer country
Arcade Fire	baroque pop
Arcade Fire	canadian indie
Arcade Fire	indie rock
Arcade Fire	modern rock
Arcade Fire	new rave
Arcade Fire	permanent wave
Arcade Fire	quebec indie
Arcade Fire	rock
Camila Cabello	dance pop
Camila Cabello	pop
Camila Cabello	post-teen pop
First Aid Kit	stomp and holler
First Aid Kit	swedish americana
First Aid Kit	swedish country
Avril Lavigne	canadian pop
Avril Lavigne	candy pop
Avril Lavigne	dance pop
Avril Lavigne	pop
Avril Lavigne	post-teen pop
Rina Sawayama	art pop
Rina Sawayama	dance pop
Rina Sawayama	electropop
Rina Sawayama	escape room
Rina Sawayama	pop
Black Country, New Road	art pop
Black Country, New Road	indie rock
Black Country, New Road	london indie
Black Country, New Road	uk post-punk revival
Upstate	indiecoustica
Machine Gun Kelly	ohio hip hop
Koffee	dancehall
Koffee	dancehall queen
Koffee	jamaican dancehall
Koffee	modern reggae
Wilco	alternative country
Wilco	alternative rock
Wilco	chicago indie
Wilco	indie pop
Wilco	indie rock
Wilco	roots rock
HARU NEMURI	japanese alternative pop
Amber Mark	alternative r&b
Amber Mark	indie r&b
Amber Mark	indie soul
Amber Mark	nyc pop
Wet Leg	NA
Good Luck	folk punk
Good Luck	indie punk
Good Luck	orgcore
P.S. Eliot	alabama indie
P.S. Eliot	bubblegrunge
P.S. Eliot	folk punk
P.S. Eliot	indie punk
P.S. Eliot	small room
Syd	alternative r&b
Syd	escape room
Syd	indie r&b
Syd	indie soul
Syd	lgbtq+ hip hop
Syd	r&b
Courtney Barnett	australian indie
Courtney Barnett	indie pop
Courtney Barnett	indie rock
Courtney Barnett	melbourne indie
Lucius	indie folk
Lucius	indie pop
Lucius	new americana
Kehlani	alternative r&b
Kehlani	dance pop
Kehlani	pop
Kehlani	pop rap
Kehlani	r&b
Prince Daddy & the Hyena	albany ny indie
Prince Daddy & the Hyena	alternative emo
Prince Daddy & the Hyena	bubblegrunge
Prince Daddy & the Hyena	diy emo
Prince Daddy & the Hyena	emo
Prince Daddy & the Hyena	indie garage rock
Prince Daddy & the Hyena	indie punk
Prince Daddy & the Hyena	midwest emo
Wild Rivers	folk-pop
Wild Rivers	indie folk
Wild Rivers	indiecoustica
Wild Rivers	stomp and holler
Omar Apollo	alternative r&b
Omar Apollo	bedroom pop
Omar Apollo	bedroom soul
Omar Apollo	indie r&b
Omar Apollo	pop
Omar Apollo	r&b
4s4ki	hyperpop
4s4ki	japanese electropop
4s4ki	japanese hyperpop
Romero	NA
Baby Queen	indie pop
Baby Queen	modern alternative pop
The War On Drugs	indie rock
The War On Drugs	philly indie
Father John Misty	chamber pop
Father John Misty	indie pop
Father John Misty	indie rock
The Smile	indie rock
The Smile	modern rock
The Head And The Heart	folk-pop
The Head And The Heart	indie folk
The Head And The Heart	modern rock
The Head And The Heart	pop rock
The Head And The Heart	seattle indie
The Head And The Heart	stomp and holler
More Eaze	deconstructed club
More Eaze	experimental electronic
More Eaze	spectra
Andy Irvine	british folk
Andy Irvine	celtic
Andy Irvine	hurdy-gurdy
Andy Irvine	irish folk
Andy Irvine	laboratorio
Slaughter Beach, Dog	alternative emo
Slaughter Beach, Dog	bubblegrunge
Slaughter Beach, Dog	emo
Slaughter Beach, Dog	indie pop
Slaughter Beach, Dog	indie rock
Slaughter Beach, Dog	lo-fi emo
Slaughter Beach, Dog	small room
Oso Oso	alternative emo
Oso Oso	bubblegrunge
Oso Oso	dreamo
Oso Oso	emo
Oso Oso	indie punk
Oso Oso	indie rock
Oso Oso	midwest emo
Angel Olsen	alternative americana
Angel Olsen	art pop
Angel Olsen	dream pop
Angel Olsen	indie pop
Angel Olsen	indie rock
Soul Glo	art pop
Soul Glo	scream rap
Flasher	dc indie
Flasher	garage psych
PUP	alternative emo
PUP	bubblegrunge
PUP	canadian indie
PUP	canadian pop punk
PUP	canadian punk
PUP	emo
PUP	indie punk
PUP	indie rock
PUP	toronto indie
PENDANT	NA
Pillow Queens	dublin indie
Pillow Queens	irish indie rock
dodie	alt z
dodie	indie pop
dodie	pop
Ludovico Einaudi	bow pop
Ludovico Einaudi	compositional ambient
Ludovico Einaudi	neo-classical
Warpaint	alternative dance
Warpaint	art pop
Warpaint	chamber psych
Warpaint	chillwave
Warpaint	dream pop
Warpaint	electronica
Warpaint	indie rock
Warpaint	la indie
Warpaint	modern alternative rock
Warpaint	modern dream pop
Warpaint	modern rock
Warpaint	new rave
Justin Adams	NA
Metronomy	alternative dance
Metronomy	electronica
Metronomy	indie rock
Metronomy	indietronica
Metronomy	modern rock
Metronomy	new rave
Metronomy	socal pop punk
Beach House	baltimore indie
Beach House	dream pop
Beach House	dreamo
Beach House	modern dream pop
Laura Marling	art pop
Laura Marling	british folk
Laura Marling	british singer-songwriter
Laura Marling	chamber pop
Laura Marling	indie folk
Laura Marling	indie pop
Laura Marling	singer-songwriter
Laura Marling	stomp and holler
Gerald Toto	afropop
Gerald Toto	world
Bedouine	art pop
Bedouine	chamber folk
Bedouine	chamber pop
Bedouine	folk
Bedouine	indie folk
Bedouine	indie pop
K-Lone	uk experimental electronic
Romare	deep house
Romare	electronica
Romare	indie soul
Romare	ninja
Jonathan Goldman	bandoneon
Jonathan Goldman	healing
Jonathan Goldman	kirtan
Jonathan Goldman	meditation
Nick Cave & The Bad Seeds	permanent wave
Rising Appalachia	high vibe
Rising Appalachia	shamanic
Anthony Braxton	african-american classical
Anthony Braxton	avant-garde
Anthony Braxton	avant-garde jazz
Anthony Braxton	experimental
Anthony Braxton	free improvisation
Anthony Braxton	free jazz
Anthony Braxton	japanese jazz
Anthony Braxton	jazz saxophone
Nick Cave	melancholia
Toumani Diabaté	afropop
Toumani Diabaté	desert blues
Toumani Diabaté	griot
Toumani Diabaté	kora
Toumani Diabaté	malian blues
Toumani Diabaté	mande pop
Toumani Diabaté	world
Joao Pires	NA
Julia Jacklin	art pop
Julia Jacklin	indie folk
Julia Jacklin	indie pop
Julia Jacklin	sydney indie
Nappy Nina	escape room
Nappy Nina	experimental hip hop
Okay Kaya	art pop
Okay Kaya	indie pop
Keita Juma	escape room
Canzoniere Grecanico Salentino	italian folk
Canzoniere Grecanico Salentino	musica etnica
Canzoniere Grecanico Salentino	tarantella
Thom Yorke	art pop
Thom Yorke	electronica
Thom Yorke	glitch pop
Thom Yorke	indie rock
Thom Yorke	oxford indie
D'Angelo	alternative r&b
D'Angelo	funk
D'Angelo	hip hop
D'Angelo	indie soul
D'Angelo	neo soul
D'Angelo	soul
D'Angelo	urban contemporary
Whitetree	compositional ambient
Portishead	dark pop
Portishead	electronica
Portishead	laboratorio
Portishead	trip hop
Nouvelle Vague	electronica
Nouvelle Vague	lounge
Nouvelle Vague	nu jazz
Everything But The Girl	electronica
Everything But The Girl	new wave pop
Everything But The Girl	pop rock
Everything But The Girl	sophisti-pop
Everything But The Girl	trip hop
Anoushka Shankar	indian fusion
Anoushka Shankar	sitar
Anoushka Shankar	world
Anoushka Shankar	world fusion
Coladera	candomble
PJ Harvey	alternative rock
PJ Harvey	art pop
PJ Harvey	art rock
PJ Harvey	chamber psych
PJ Harvey	indie rock
PJ Harvey	melancholia
PJ Harvey	permanent wave
PJ Harvey	piano rock
PJ Harvey	singer-songwriter
Noura Mint Seymali	afropop
Noura Mint Seymali	griot
Noura Mint Seymali	moorish traditional
Noura Mint Seymali	musique mauritanienne
Noura Mint Seymali	world
Adrianne Lenker	art pop
Adrianne Lenker	chamber pop
Adrianne Lenker	indie folk
Adrianne Lenker	indie pop
Adrianne Lenker	indie rock
Adrianne Lenker	small room
Tião Carvalho	capoeira
Tião Carvalho	coco
Tião Carvalho	forro tradicional
Tião Carvalho	musica maranhense
Anna Ahnlund	NA
Populous	indie electronica
Populous	italian electronica
Populous	latintronica
Populous	pop electronico
Populous	puglia indie
Franco Battiato	classic italian pop
Franco Battiato	experimental
Franco Battiato	italian adult pop
Nicolas Jaar	downtempo
Nicolas Jaar	electronica
Nicolas Jaar	microhouse
Air	ambient pop
Air	downtempo
Air	electronica
Air	trip hop
Jay-Jay Johanson	electronica
Jay-Jay Johanson	swedish electropop
Jay-Jay Johanson	swedish singer-songwriter
Jay-Jay Johanson	trip hop
NotLö	deep dubstep
NotLö	downtempo bass
El Michels Affair meets Liam Bailey	NA
Lapola Kalu	NA
The Gloaming	irish neo-traditional
Yeat	pluggnb
Gunna	atl hip hop
Gunna	melodic rap
Gunna	rap
Gunna	trap
Young Thug	atl hip hop
Young Thug	atl trap
Young Thug	gangster rap
Young Thug	hip hop
Young Thug	melodic rap
Young Thug	pop rap
Young Thug	rap
Young Thug	southern hip hop
Young Thug	trap
Maroon 5	pop
Frank Sinatra	adult standards
Frank Sinatra	easy listening
Frank Sinatra	lounge
Kourosh Yaghmaei	classic persian pop
Kourosh Yaghmaei	persian rock
Future	atl hip hop
Future	rap
Future	southern hip hop
Future	trap
XXXTENTACION	emo rap
XXXTENTACION	miami hip hop
Rauw Alejandro	puerto rican pop
Rauw Alejandro	trap latino
ElyOtto	hyperpop
ElyOtto	weirdcore
Pressa	canadian hip hop
Pressa	melodic rap
Pressa	rap montrealais
Pressa	toronto rap
Pressa	trap
Billy Joel	classic rock
Billy Joel	folk rock
Billy Joel	mellow gold
Billy Joel	piano rock
Billy Joel	rock
Billy Joel	singer-songwriter
Billy Joel	soft rock
Bladee	glitchcore
Bladee	underground hip hop
Gus Dapperton	bedroom pop
Gus Dapperton	indie pop
Gus Dapperton	indie poptimism
King Krule	uk alternative pop
Matisyahu	reggae fusion
Lil Tecca	melodic rap
Lil Tecca	pluggnb
Cage The Elephant	modern alternative rock
Cage The Elephant	modern rock
Cage The Elephant	punk blues
Cage The Elephant	rock
KIDS SEE GHOSTS	hip hop
KIDS SEE GHOSTS	rap
Jack Harlow	deep underground hip hop
Jack Harlow	kentucky hip hop
Jack Harlow	rap
Baby Keem	hip hop
Baby Keem	rap
The Kooks	brighton indie
The Kooks	modern rock
The Kooks	rock
Klaxons	alternative dance
Klaxons	alternative rock
Klaxons	dance-punk
Klaxons	indie rock
Klaxons	modern rock
Klaxons	new rave
The Hives	alternative rock
The Hives	garage rock
The Hives	garage rock revival
The Hives	modern rock
The Hives	new rave
The Hives	rock
The Hives	swedish garage rock
The Hives	swedish hard rock
The Hives	swedish indie rock
Tion Wayne	london rap
Ozuna	latin
Ozuna	puerto rican pop
Ozuna	reggaeton
Ozuna	trap latino
Kodak Black	florida rap
Kodak Black	hip hop
Kodak Black	melodic rap
Kodak Black	miami hip hop
Kodak Black	rap
Kodak Black	trap
Anuel AA	latin
Anuel AA	reggaeton
Anuel AA	reggaeton flow
Anuel AA	trap boricua
Anuel AA	trap latino
NAV	canadian hip hop
NAV	canadian trap
NAV	hip hop
NAV	melodic rap
NAV	rap
NAV	toronto rap
NAV	trap
NAV	vapor trap
Playboi Carti	atl hip hop
Playboi Carti	plugg
Playboi Carti	pluggnb
Playboi Carti	rap
Sleepy Hallow	brooklyn drill
Sleepy Hallow	nyc rap
Trippie Redd	melodic rap
Trippie Redd	rap
Trippie Redd	trap
Polo G	chicago rap
YoungBoy Never Broke Again	baton rouge rap
YoungBoy Never Broke Again	trap
Eladio Carrion	trap boricua
Eladio Carrion	trap latino
Eladio Carrion	trap triste
Farruko	latin
Farruko	latin hip hop
Farruko	reggaeton
Farruko	trap latino
